Country,Capital,Population
China PR,Beijing,20693000
India,New Delhi,16787949
Japan,Tokyo,13491000
Philippines,Manila,12877253
Russia,Moscow,11541000
Egypt,Cairo,10230350
Indonesia,Jakarta,10187595
DR Congo,Kinshasa,10125000
South Korea,Seoul,9989795
Bangladesh,Dhaka,8906000
Mexico,Mexico City,8851080
Iran,Tehran,8846782
England,London,8630100
Peru,Lima,8481415
Thailand,Bangkok,8249117
Colombia,Bogotá,7613303
Vietnam,Hanoi,7587800
Hong Kong (China),Hong Kong,7298600
Iraq,Baghdad,7216040
Singapore,Singapore,5535000
Turkey,Ankara,5150072
Chile,Santiago,5084038
Saudi Arabia,Riyadh,4878723
Germany,Berlin,3520000
Syria,Damascus,3500000
Algeria,Algiers,3415811
Spain,Madrid,3233527
North Korea,Pyongyang,3144005
Afghanistan,Kabul,3140853
Kenya,Nairobi,3138369
Greece,Athens,3090508
Ethiopia,Addis Ababa,3040740
Argentina,Buenos Aires,2891082
Italy,Rome,2868104
Ukraine,Kiev,2847200
Cameroon,Yaoundé,2765568
Taiwan,Taipei,2704810
Brazil,Brasília,2648532
Jordan,Amman,2600603
Angola,Luanda,2453779
South Africa,Pretoria,2345908
France,Paris,2241346
Uzbekistan,Tashkent,2207850
Azerbaijan,Baku,2204200
Cuba,Havana,2135498
Cambodia,Phnom Penh,2011725
Romania,Bucharest,1942254
Venezuela,Caracas,1838939
Congo,Brazzaville,1827000
Morocco,Rabat,1789635
Austria,Vienna,1749673
Sudan,Khartoum,1740661
Hungary,Budapest,1729040
Poland,Warsaw,1711324
Belarus,Minsk,1702061
Uganda,Kampala,1659600
Ghana,Accra,1640507
Madagascar,Antananarivo,1613375
Lebanon,Beirut,1574387
Sweden,Stockholm,1515017
Ecuador,Quito,1504991
Zimbabwe,Harare,1487028
Qatar,Doha,1450000
Yemen,Sana'a,1431649
Guinea,Conakry,1399981
Malaysia,Kuala Lumpur,1381830
Uruguay,Montevideo,1369797
Zambia,Lusaka,1331254
Mali,Bamako,1289626
Czech Republic,Prague,1241664
Haiti,Port-au-Prince,1235227
Libya,Tripoli,1184045
Kuwait,Kuwait City,1171880
Serbia,Belgrade,1154589
Dominican Republic,Santo Domingo,1111838
Somalia,Mogadishu,1097133
Bulgaria,Sofia,1090295
Belgium,Brussels,1080790
Armenia,Yerevan,1080487
Mozambique,Maputo,1076689
Sierra Leone,Freetown,1070200
Ireland,Dublin,1173179
Georgia,Tbilisi,1044993
Senegal,Dakar,1030594
Kazakhstan,Nur-Sultan (Astana),1029556
Guatemala,Guatemala City,1022000
Liberia,Monrovia,1010970
Burkina Faso,Ouagadougou,1005231
Nepal,Kathmandu,1003285
Pakistan,Islamabad,955629
Canada,Ottawa,934243
Kurdistan,Hewler,932800
Nicaragua,Managua,926883
Myanmar,Naypyidaw[44],925000
Mongolia,Ulaanbaatar,907802
Malawi,Lilongwe,902388
Bolivia,La Paz,877363
Kyrgyzstan,Bishkek,843240
Togo,Lomé,824738
Panama,Panama City,813097
Netherlands,Amsterdam,855965
Croatia,Zagreb,804200
Oman,Muscat,797000
Niger,Niamey,794814
Moldova,Chişinău,794800
Israel,Jerusalem[51],780200
Nigeria,Abuja,778567
Albania,Tirana,763634
Tunisia,Tunis,767629
Turkmenistan,Ashgabat,763537
Chad,N'Djamena,751288
Honduras,Tegucigalpa,735982
Central African Republic,Bangui,731548
Mauritania,Nouakchott,719167
Rwanda,Kigali,718414
Latvia,Riga,713016
Jamaica,Kingston,701063
United States,"Washington,D.C."
Norway,Oslo,645701
Finland,Helsinki,635591
United Arab Emirates,Abu Dhabi,585097
Tajikistan,Dushanbe,582496
Portugal,Lisbon,564657
Denmark,Copenhagen,562253
Lithuania,Vilnius,556723
Gabon,Libreville,556425
Eritrea,Asmara,1258001
El Salvador,San Salvador,521366
North Macedonia,Skopje,521000
Paraguay,Asunción,520722
Macau (China),Macau,520400
Scotland,Edinburgh,492680
Djibouti,Djibouti (city),475332
Côte d'Ivoire,Yamoussoukro,454929
Guinea-Bissau,Bissau,452640
Estonia,Tallinn,440206
Slovakia,Bratislava,424207
Puerto Rico (US),San Juan,421356
New Zealand,Wellington,405000
Bosnia and Herzegovina,Sarajevo,395133
South Sudan,Juba,372410
Australia,Canberra,354644
Wales,Cardiff,346100
Northern Ireland,Belfast,333871
Costa Rica,San José,328195
Papua New Guinea,Port Moresby,299396
Laos,Vientiane,287579
Tanzania,Dodoma,287200
Lesotho,Maseru,267652
Cyprus,Nicosia (south),270000
Slovenia,Ljubljana,280140
Suriname,Paramaribo,254147
Namibia,Windhoek,252721
Bahamas,Nassau,248948
Botswana,Gaborone,225656
Benin,Porto-Novo,223552
Kosovo,Prishtina,198214
Sahrawi Arab Democratic Republic,El Aaiún (claimed) Tifariti (factual),194668
Transnistria,Tiraspol,159163
Mauritius,Port Louis,147251
Montenegro,Podgorica,141854
Bahrain,Manama,140616
Guyana,Georgetown,134599
Cape Verde,Praia,125464
Switzerland,Berne (de facto),121631
Sri Lanka,Colombo,118556
Iceland,Reykjavík,115000
Barbados,Bridgetown,110000
Maldives,Malé,103693
Bhutan,Thimphu,101259
Equatorial Guinea,Malabo,100677
New Caledonia(France),Nouméa,89207
Northern Cyprus,Nicosia (north),84893
Fiji,Suva,84410
Eswatini (Swaziland),Mbabane,81594
Luxembourg,Luxembourg,76420
Saint Lucia,Castries,70000
Northern Mariana Islands (USA),Saipan,62392
Comoros,Moroni,60200
Solomon Islands,Honiara,59288
East Timor,Dili,59069
São Tomé and Príncipe,São Tomé,56166
American Samoa(USA),Pago Pago,52000
Trinidad and Tobago,Port of Spain,50479
Nagorno-Karabakh Republic,Stepanakert,49986
Curaçao(Netherlands),Willemstad,49885
Saint Vincent and the Grenadines,Kingstown,40020
Samoa,Apia,39813
Vanuatu,Port Vila,38000
Monaco,Monaco,35986
Gambia,Banjul,34828
Kiribati,Tarawa,30000
Aruba (Netherlands),Oranjestad,29998
Seychelles,Victoria,29298
Gibraltar (UK),Gibraltar,29286
Jersey (UK),Saint Helier,28380
Brunei,Bandar Seri Begawan,28135
Cayman Islands(UK),George Town,26798
Isle of Man (UK),Douglas,26600
French Polynesia(France),Papeete,26200
Palestine,Ramallah (de facto),25500
Marshall Islands,Majuro,25400
Burundi,Gitega,23000
Andorra,Andorra la Vella,22884
Antigua and Barbuda,St. John's,22679
Tonga,Nukuʻalofa,22400
Faroe Islands(Denmark),Tórshavn,18573
Guernsey (UK),St. Peter Port,16701
Belize,Belmopan,16451
Greenland(Denmark),Nuuk (Godthåb),15469
Dominica,Roseau,14847
Saint Kitts and Nevis,Basseterre,13043
Åland (Finland),Mariehamn,11296
United States Virgin Islands (US),Charlotte Amalie,10817
Federated States of Micronesia,Palikir,9900
British Virgin Islands(UK),Road Town,9400
Grenada,St. George's,7500
Malta,Valletta,6444
Saint Barthélemy(France),Gustavia,6000
Collectivity of Saint Martin (France),Marigot,5700
Saint Pierre and Miquelon (France),Saint-Pierre,5509
Cook Islands (NZ),Avarua,5445
Liechtenstein,Vaduz,5248
San Marino,City of San Marino,4493
Tuvalu,Funafuti,4492
Turks and Caicos Islands (UK),Cockburn Town,3700
Falkland Islands(UK),Stanley,2115
Svalbard (Norway),Longyearbyen,2075
Christmas Island(Australia),Flying Fish Cove,1493
Sint Maarten(Netherlands),Philipsburg,1338
Wallis and Futuna(France),Mata-Utu,1191
Anguilla (UK),The Valley,1169
Nauru,Yaren (de facto),1100
Guam (US),Hagåtña,1100
Montserrat (UK),Brades (de facto),391
Bermuda (UK),Hamilton,1010
Norfolk Island(Australia),Kingston,880
Vatican City,Vatican City (city-state),826
Saint Helena (UK),Jamestown,714
Niue (NZ),Alofi,616
Tokelau (NZ),Atafu,524
Palau,Ngerulmud,391
Cocos (Keeling) Islands (Australia),West Island,120
Pitcairn Islands (UK),Adamstown,56
South Georgia and the South Sandwich Islands (UK),King Edward Point,18